"Target String","URL Safe String","User","Hub","Hub Type","Office Name"
".ca",".ca","The Graveyard (Deleted Accounts)","The Faulkner Wealth Management Group","PERSONAL","The Faulkner Wealth Management Group"
".ca",".ca","Charles Carson","Charles Carson","PERSONAL","Charles Carson"
".ca",".ca","Website Redirect","The Price Group","PERSONAL","This site is no longer available"
".ca",".ca","Craig Caudle","Craig Caudle","PERSONAL","Craig Caudle"
".ca",".ca","Jannet S Carpien","Jannet S Carpien","PERSONAL","Jannet Carpien, CFP®"
".ca",".ca","Jeffrey J. Carloni","Jeffrey Carloni & David Tyczynski Wealth Management Group","PERSONAL","Jeffrey Carloni & David Tyczynski Wealth Management Group"
".ca",".ca","William Calvert","William Calvert","PERSONAL","William Calvert, AAMS®"
".ca",".ca","Brandon Calhoun","Brandon Calhoun, CRPC®","PERSONAL","Brandon Calhoun, CRPC®"
".ca",".ca","Nevin Cavanaugh","Nevin Cavanaugh","PERSONAL","Nevin Cavanaugh"
".ca",".ca","Juls C. Carter","Juls Carter","PERSONAL","Juls Carter"
".ca",".ca","Tanner Carter","Tanner Carter","PERSONAL","Tanner Carter"
".ca",".ca","Tanner Carter","Tanner Carter","PERSONAL","Tanner Carter"
".ca",".ca","Bruce Cammack","Bruce Cammack, AWM, MBA","PERSONAL","Bruce Cammack, AWM, MBA"
".ca",".ca","Bruce Cammack","Bruce Cammack, AWM, MBA","PERSONAL","Bruce Cammack, AWM, MBA"
".ca",".ca","Bob Casey","Bob Casey","PERSONAL","Bob Casey"
".ca",".ca","Mark Capomaccio","Mark Capomaccio, CPFA","PERSONAL","Mark Capomaccio, CPFA"
".ca",".ca","Mark Capomaccio","Mark Capomaccio, CPFA","PERSONAL","Mark Capomaccio, CPFA"
".ca",".ca","Timothy M. Cahill","Timothy M. Cahill, CFP","PERSONAL","Tim Cahill, CFP®"
".ca",".ca","Bruce T Cameron","Bruce T Cameron","PERSONAL","Bruce Cameron"
".ca",".ca","Mark Cannon","Mark Cannon, AWM","PERSONAL","Mark Cannon, AWM"
".ca",".ca","Cynthia Penner","The Coronado Wealth Management Group","PERSONAL","The Coronado Wealth Management Group"
".ca",".ca","Robert F Carmichael","The Carmichael Group","PERSONAL","The Carmichael Group"
".ca",".ca","Philip Castaneda","The Castaneda Sargenti Wealth Management Group","PERSONAL","The Castaneda Sargenti Wealth Management Group"
".ca",".ca","Thomas Carter","The Carter Group","PERSONAL","The Carter Group"
".ca",".ca","Bill Cariker","Texas Star Investment Group","PERSONAL","Texas Star Investment Group"
".ca",".ca","John D Carroll","John D. Carroll, AWM","PERSONAL","John D. Carroll, AWM, CPFA"
".ca",".ca","Pamela Carty","Pamela Carty, AWM","PERSONAL","Pamela Carty, AWM"
".ca",".ca","Curtis Carstens","Curtis Carstens, AWM, RICP®","PERSONAL","Curtis Carstens, AWM, RICP®"
".ca",".ca","John F. Carroll","John Carroll, CRPC®","PERSONAL","John Carroll, CRPC®"
".ca",".ca","Marty Calvert","Marty Calvert, AWM","PERSONAL","Marty Calvert, AWM"
".ca",".ca","Marty Calvert","Blue Planet Wealth Management Group","PERSONAL","Blue Planet Wealth Management Group"
".ca",".ca","Diane D Cabrales","Diane D Cabrales","PERSONAL","Diane Cabrales"
".ca",".ca","Thomas Carter","Thomas Carter, AWM, CIMA®","PERSONAL","Thomas Carter, AWM, CIMA®"
".ca",".ca","Richard Carlin","Richard Carlin","PERSONAL","Richard Carlin"
".ca",".ca","Michelle Calabro","Michelle Calabro","PERSONAL","Michelle Calabro"
".ca",".ca","Jim Cannon","The Hoffner Cannon Group","PERSONAL","The Hoffner Cannon Group"
".ca",".ca","Aaron J. Keith","Keith, Carr Wealth Management Group","PERSONAL","Keith, Carr Wealth Management Group"
".ca",".ca","Robert F Carmichael","Robert F Carmichael","PERSONAL","Robert F Carmichael"
".ca",".ca","Daniel Camarigg","Dan Camarigg","PERSONAL","Dan Camarigg"
".ca",".ca","Philip Castaneda","Philip T Castaneda, AWM","PERSONAL","Philip T Castaneda, AWM"
".ca",".ca","George Castrillon","George Castrillon, CEPA®, CFP®, CPFA","PERSONAL","George Castrillon, CEPA®, CFP®, CPFA"
".ca",".ca","George Castrillon","George Castrillon, CEPA®, CFP®, CPFA","PERSONAL","George Castrillon, CEPA®, CFP®, CPFA"
".ca",".ca","Patrick Calkins","Patrick Calkins","PERSONAL","Patrick Calkins"
".ca",".ca","Timothy M. Cahill","Cahill, Gibson Wealth Management Group","PERSONAL","The Cahill, Gibson Wealth Management Group"
".ca",".ca","Jim Cannon","Jim Cannon","PERSONAL","Jim Cannon, CFP®"
".ca",".ca","Jason Carter","Jason Carter","PERSONAL","Jason Carter"
".ca",".ca","Allen Canete","Allen Canete, CMT®, CPM®","PERSONAL","Allen Canete, CMT®, CPM®"
".ca",".ca","Wymond Cabell","The Cabell Group","PERSONAL","The Cabell Group"
".ca",".ca","David Caccese","David Caccese, CDFA®, CFP®, CIMA®","PERSONAL","David Caccese, CFP®, CIMA®"
".ca",".ca","Darwin C. Campbell","Darwin C. Campbell","PERSONAL","Darwin Campbell, CIMA®, CPWA®"
".ca",".ca","Wymond Cabell","W. Wymond Cabell","PERSONAL","W. Wymond Cabell"
".ca",".ca","William Cabell","William W. Cabell II","PERSONAL","William W. Cabell II, CFP®"
".ca",".ca","Chris Cassaday","Chris Cassaday","PERSONAL","Chris Cassaday"
".ca",".ca","Angelika Caulford","Angelika Caulford, CPFA®","PERSONAL","Angelika Caulford, CPFA®"
".ca",".ca","Jennifer L Carleton","Jennifer L Carleton, AAMS®","PERSONAL","Jennifer L Carleton, AAMS®, CPFA®"
".ca",".ca","Robert Caiaze","Robert M. Caiaze","PERSONAL","Rob Caiaze, CPFA®"
".ca",".ca","Pamela Carty","Pamela Carty, AWM","PERSONAL","Pamela Carty, AWM"
".ca",".ca","Curtis Carstens","Curtis Carstens, AWM, RICP®","PERSONAL","Curtis Carstens, AWM, RICP®"
".ca",".ca","Patrick Calkins","Patrick Calkins","PERSONAL","Patrick Calkins"
".ca",".ca","Michelle Calabro","Michelle Calabro","PERSONAL","Michelle Calabro"
".ca",".ca","Angelika Caulford","Angelika Caulford, CPFA®","PERSONAL","Angelika Caulford, CPFA®"
".ca",".ca","John F. Carroll","John Carroll, CRPC®","PERSONAL","John Carroll, CRPC®"
".ca",".ca","William Cabell","William W. Cabell II","PERSONAL","William W. Cabell II, CFP®"
".ca",".ca","Ken A Carter","Ken A Carter","PERSONAL","Ken Carter"
".ca",".ca","Kevin Caputo","Kevin Caputo, CFP®, CIMA®","PERSONAL","Kevin Caputo, CFP®, CIMA®"
".ca",".ca","David Caccese","David Caccese, CDFA®, CFP®, CIMA®","PERSONAL","David Caccese, CFP®, CIMA®"
".ca",".ca","Ken A Carter","Ken A Carter","PERSONAL","Ken Carter"
".ca",".ca","Richard Carlin","Richard Carlin","PERSONAL","Richard Carlin"
".ca",".ca","Daniel Camarigg","Dan Camarigg","PERSONAL","Dan Camarigg"
".ca",".ca","Chris Cassaday","Chris Cassaday","PERSONAL","Chris Cassaday"
".ca",".ca","Robert F Carmichael","Robert F Carmichael","PERSONAL","Robert F Carmichael"
".ca",".ca","Jennifer L Carleton","Jennifer L Carleton, AAMS®","PERSONAL","Jennifer L Carleton, AAMS®, CPFA®"
".ca",".ca","Diane D Cabrales","Diane D Cabrales","PERSONAL","Diane Cabrales"
".ca",".ca","Allen Canete","Allen Canete, CMT®, CPM®","PERSONAL","Allen Canete, CMT®, CPM®"
".ca",".ca","Thomas Carter","Thomas Carter, AWM, CIMA®","PERSONAL","Thomas Carter, AWM, CIMA®"
".ca",".ca","Jason Carter","Jason Carter","PERSONAL","Jason Carter"
".ca",".ca","Robert Caiaze","Robert M. Caiaze","PERSONAL","Rob Caiaze, CPFA®"
".ca",".ca","Bill Cates","Bill Cates","PERSONAL","Bill Cates"
".ca",".ca","Chris Cates","Chris Cates, CFP®","PERSONAL","Chris Cates, CFP®, CRPS®"
".ca",".ca","Bill Cariker","Bill Cariker, CFP®, CIMA®, CRPC®","PERSONAL","Bill Cariker, CFP®, CIMA®, CRPC®"
".ca",".ca","Brian Callahan","Brian Callahan, AWM","PERSONAL","Brian Callahan, AWM"
".ca",".ca","Joseph C. Caruso Jr.","Joe Caruso","PERSONAL","Joe Caruso"
".ca",".ca","Timothy Cavanaugh","Timothy Cavanaugh, AAMS®","PERSONAL","Timothy Cavanaugh, AAMS®"
".ca",".ca","Brad Cates","Brad Cates, CIMA®","PERSONAL","Brad Cates, CIMA®"
".ca",".ca","Charles Caryl","Charles Caryl, AAMS®, AWM","PERSONAL","Charles Caryl, AAMS®, AWM"
".ca",".ca","Carmen Cappadona","Carmen Cappadona","PERSONAL","Carmen Cappadona"
".ca",".ca","Bill Cariker","Bill Cariker, CFP®, CIMA®, CRPC®","PERSONAL","Bill Cariker, CFP®, CIMA®, CRPC®"
".ca",".ca","Jeffrey J. Carloni","Jeffrey J. Carloni","PERSONAL","Jeffrey J. Carloni"
".ca",".ca","Philip Castaneda","Philip T Castaneda, AWM","PERSONAL","Philip T Castaneda, AWM"
".ca",".ca","Richard Cacciapaglia","Richard Cacciapaglia","PERSONAL","Richard Cacciapaglia"
".ca",".ca","Anthony Capriotti","Anthony Capriotti","PERSONAL","Anthony Capriotti"
".ca",".ca","Ryan Carr","Ryan Carr","PERSONAL","Ryan Carr"
".ca",".ca","James Carbonell","James Carbonell","PERSONAL","James Carbonell"
".ca",".ca","Gary Cattich","Gary Cattich","PERSONAL","Gary Cattich"
".ca",".ca","Bill Cates","The Cates Team","PERSONAL","The Cates Team"
".ca",".ca","H. Frazier Caner","H. Frazier Caner, CFP®","PERSONAL","Harrison Caner, CFP®"
